st01213,12-1-17 box4, ,wk-ambrose,2018-01-18_104900
st01214,12-1-17 box4, ,wk-ambrose,2018-01-18_104900
st01215,12-1-17 box4, ,wk-ambrose,2018-01-18_104900
st01216,12-1-17 box4, ,wk-ambrose,2018-01-18_104900
st01217,12-1-17 box4, ,wk-ambrose,2018-01-18_104900
st01218,12-1-17 box4, ,wk-ambrose,2018-01-18_104900
st01219,12-1-17 box4, ,wk-ambrose,2018-01-18_104900
st01220,12-1-17 box4, ,wk-ambrose,2018-01-18_104900
st01221,12-1-17 box4, ,wk-ambrose,2018-01-18_104900
st01222,12-1-17 box4, ,wk-ambrose,2018-01-18_104900
st01223,12-1-17 box4, ,wk-ambrose,2018-01-18_104900
st01224,12-1-17 box4, ,wk-ambrose,2018-01-18_104900
st01225,12-1-17 box4, ,wk-ambrose,2018-01-18_104900
st01226,12-1-17 box4, ,wk-ambrose,2018-01-18_104900
st01227,12-1-17 box4, ,wk-ambrose,2018-01-18_104900
st01228,12-1-17 box4, ,wk-ambrose,2018-01-18_104900
st01229,12-1-17 box4, ,wk-ambrose,2018-01-18_104900
st01230,12-1-17 box4, ,wk-ambrose,2018-01-18_104900
st01231,12-1-17 box4, ,wk-ambrose,2018-01-18_104900
st01232,12-1-17 box4, ,wk-ambrose,2018-01-18_104900
st01233,12-1-17 box4, ,wk-ambrose,2018-01-18_104900
st01234,12-1-17 box4, ,wk-ambrose,2018-01-18_104900
st01235,12-1-17 box4, ,wk-ambrose,2018-01-18_104900
